SMILES,MolWeight,LogP,TPSA,HBD,HBA,RotBonds,AromaticRings,HeavyAtoms,QED,DrugScore,Toxicity,FinalScore,IsNovel,IsDrugLike,PassesPAINS
FC=Cc1ccccc1NC1=CC=CC(F)(F)O1,253.22,4.06,21.26,1,2,3,1,18,0.8766,1.0,0.0,0.9383,True,True,True
O=S(=O)(C=CC(F)(F)F)NC=CBr,280.06,1.85,46.17,1,2,3,0,13,0.8571,1.0,0.0,0.9285,True,True,True
Fc1ccc2c(c1)[NH+]1C=C3Oc4c(F)cccc4OCCOC321,316.28,1.99,32.13,1,3,0,2,23,0.8066,1.0,0.0,0.9033,True,True,True
Fc1ccc(C=Cc2cnc[nH+]n2)c(Cl)c1,236.66,2.25,39.92,0,2,2,2,16,0.8025,1.0,0.0,0.9012,True,True,True
Cc1cccc2c1C=CC=CC=C(Cl)[S@]13[NH+]=C1CC3O2,304.82,2.98,23.2,1,1,0,1,20,0.7823,1.0,0.0,0.8911,True,True,True
O=C1CCOCCC2=CC=C(CCO)C=NN12,236.27,0.82,62.13,1,4,2,0,17,0.7717,1.0,0.0,0.8859,True,True,True
CC=CC=C1C=CC(=O)C(O[S])=C1Br,272.14,3.36,26.3,0,2,2,0,14,0.77,1.0,0.0,0.885,True,True,True
O=S(O[S])c1ccccc1O,189.24,1.54,46.53,1,3,2,1,11,0.7673,1.0,0.0,0.8837,True,True,True
O=C1C[S@](C(O)c2ccccc2)=N1,195.24,1.02,49.66,1,2,2,1,13,0.7655,1.0,0.0,0.8827,True,True,True
O=C1C2C[NH+]3CCCCC(=CC=C2CCCO)O[C@@H]13,264.34,0.19,50.97,2,3,3,0,19,0.7651,1.0,0.0,0.8825,True,True,True
C1=CC2=CCCNc3ccccc3C3=C4OC5=Cc6nc5nn6C(C(=C1)O2)C43,368.4,3.87,61.2,1,5,0,2,28,0.7648,1.0,0.0,0.8824,True,True,True
O=C1CC2CC3=CN=C(Nc4ccccc4C2)C13,238.29,2.55,41.46,1,3,0,1,18,0.7543,1.0,0.0,0.8771,True,True,True
FC1=COC(=CC=C2Cc3ccccc3OC3C4CCC243)C=C1,308.35,4.61,18.46,0,2,1,1,23,0.7542,1.0,0.0,0.8771,True,True,True
FC=C1C=COCC=Cc2n[nH]c(Cl)c21,226.64,2.93,37.91,1,2,0,1,15,0.7387,1.0,0.0,0.8694,True,True,True
CN1CCSC=C1N1CCc2ccccc21,232.35,2.53,6.48,0,3,1,1,16,0.7344,1.0,0.0,0.8672,True,True,True
[NH3+][CH]CC1=NC(O)=CC=CN=CC=CCC1,219.29,1.56,72.59,2,3,2,0,16,0.7263,1.0,0.0,0.8631,True,True,True
CC(=CC1CC=NC(O)=C1N[CH]CO)N1C=COCCC1=O,306.34,1.17,94.39,3,6,5,0,22,0.7086,1.0,0.0,0.8543,True,True,True
CC1=C(N2CC34C=CC=CC=CC=CCOC3=C24)C1,251.33,3.45,12.47,0,2,1,0,19,0.7075,1.0,0.0,0.8538,True,True,True
C[S@](=O)CCCc1cccn1CCCF,231.34,2.16,22.0,0,1,7,1,15,0.7046,1.0,0.0,0.8523,True,True,True
C[C@H]1CCCC=CC=C2C=C3OCO[S@]23[NH2+]1,240.35,2.06,35.07,1,2,0,0,16,0.7031,1.0,0.0,0.8516,True,True,True
NC=CC[C@H](F)CC1=CC=C(O)C=C(O)C1,225.26,2.79,66.48,3,3,4,0,16,0.6888,1.0,0.0,0.8444,True,True,True
FS12C=CC=C[C@H](NCC1)C1=CCCN=C12,238.33,2.46,24.39,1,2,0,0,16,0.6885,1.0,0.0,0.8442,True,True,True
O=C1CCC2=C1C1CC(=O)N3CC4CCC[C@H]4CCS213,291.42,2.76,37.38,0,2,0,0,20,0.688,1.0,0.0,0.844,True,True,True
CC1C[C@H](O)CC2=C3C(=O)CC=C3O[S]21,225.29,1.85,46.53,1,3,0,0,15,0.6841,1.0,0.0,0.842,True,True,True
C[CH]N1[N+]#CCCOc2ncccc21,189.22,2.1,29.72,0,3,1,1,14,0.6772,1.0,0.0,0.8386,True,True,True
[NH-]CC1[CH]CCC=CN=CSC=NC=N1,222.32,2.74,60.88,0,4,1,0,15,0.6725,1.0,0.0,0.8362,True,True,True
C[C@]12CCCC3(C=COCC3F)N1NC2=O,226.25,0.9,41.57,1,3,0,0,16,0.6669,1.0,0.0,0.8335,True,True,True
O=C1SC=CC=NNCON1CCOc1ccccn1,294.34,1.61,76.05,1,7,4,1,20,0.9089,1.0,0.125,0.8295,True,True,True
O=C1Nc2ccccc2CO[S]2NC1C[NH+]1CCCC[C@H]12,307.42,0.62,54.8,3,3,0,1,21,0.6586,1.0,0.0,0.8293,True,True,True
C[C@@H](C(=O)[O-])C1=Cc2cc(F)cn21,180.16,0.32,45.06,0,2,2,1,13,0.6577,1.0,0.0,0.8288,True,True,True
C=CSCc1ncn(C)n1,155.23,1.19,30.71,0,3,3,1,10,0.6566,1.0,0.0,0.8283,True,True,True
C=CC=C1NC2OCC3C[C@H]2C=C13,175.23,1.58,21.26,1,2,1,0,13,0.6529,1.0,0.0,0.8265,True,True,True
NS(=O)(=O)c1ccccc1,157.19,0.33,60.16,1,2,1,1,10,0.6384,1.0,0.0,0.8192,True,True,True
O=C1CCC=NC=C(Br)C2CCN12,243.1,1.69,32.67,0,2,0,0,13,0.6368,1.0,0.0,0.8184,True,True,True
O=C(CO)Nc1ccccn1,152.15,0.01,62.22,2,3,2,1,11,0.6272,1.0,0.0,0.8136,False,True,True
C[C@H](F)C1NCCOC1=CF,163.17,1.14,21.26,1,2,1,0,11,0.6256,1.0,0.0,0.8128,True,True,True
CC1CC2=C3C=C(F)C3NC=CC=C21,189.23,2.6,12.03,1,1,0,0,14,0.6173,1.0,0.0,0.8086,True,True,True
O=C1c2ccccc2CN2C=CON12,188.19,1.28,32.78,0,3,0,1,14,0.6144,1.0,0.0,0.8072,True,True,True
CN1C=CNC2([O-])OC=C([N+]=O)CC2=C1,208.2,-0.75,78.73,1,6,1,0,15,0.6133,1.0,0.0,0.8066,True,True,True
O=C1N=C2C=CNC=C2C=CCCNS(=O)(=O)C1NC1=NCC=CC=C1,373.44,0.27,112.02,3,6,1,0,26,0.611,1.0,0.0,0.8055,True,True,True
c1ccc2c(c1)NCCS2,151.23,2.2,12.03,1,2,0,1,10,0.6098,1.0,0.0,0.8049,True,True,True
C[NH+]CCC1CC(=O)OCCCC1=O,199.25,-0.73,58.97,1,4,3,0,14,0.6095,1.0,0.0,0.8048,True,True,True
OCC=Cc1c[nH]c2c1NCO2,166.18,0.78,57.28,3,3,2,1,12,0.6082,1.0,0.0,0.8041,True,True,True
COc1cccc(C(=O)NC2=C3CN=[S][S]32)c1Br,345.24,2.83,50.69,1,3,3,1,18,0.8568,1.0,0.125,0.8034,True,True,True
BrC=CC1=CC=CC=CC1,197.07,3.34,0.0,0,0,1,0,10,0.6042,1.0,0.0,0.8021,True,True,True
O=S1(=O)C=C2NCc3ccccc3[NH+]21,209.25,-0.55,50.61,2,3,0,1,14,0.6025,1.0,0.0,0.8013,True,True,True
CC1=C2C3=CC(=O)[C@@H]3C2CCC1N,175.23,1.18,43.09,1,2,0,0,13,0.6004,1.0,0.0,0.8002,True,True,True
OC1=CC2=CC3CCCCC3C2=C1,174.24,3.11,20.23,1,1,0,0,13,0.5979,1.0,0.0,0.799,True,True,True
Clc1ccccc1OC[C]1[NH2+]CC2C3C=CC3CN12,276.77,1.27,29.08,1,2,3,1,19,0.8428,1.0,0.125,0.7964,True,True,True
[NH2+]/C=C/c1ccccc1F,137.16,0.82,25.3,1,1,1,1,10,0.5927,1.0,0.0,0.7964,True,True,True
CC1=CC=CC(=O)NCCC=NNC1,193.25,0.58,53.49,2,3,0,0,14,0.5911,1.0,0.0,0.7955,True,True,True
OCCNC1=C2C=C[CH]C21,136.17,0.23,32.26,2,2,3,0,10,0.5816,1.0,0.0,0.7908,True,True,True
FC1=CC2C[C@H]3CCCC[NH+]3[S]12,187.28,1.2,4.44,1,0,0,0,12,0.5811,1.0,0.0,0.7905,True,True,True
O=C1Cc2ccccc2CN1,147.18,0.86,29.1,1,1,0,1,11,0.579,1.0,0.0,0.7895,True,True,True
O=C1NCNc2ccccc21,148.16,0.8,41.13,2,2,0,1,11,0.571,1.0,0.0,0.7855,True,True,True
c1ccc(CN[C@@H]2COC[N-][N-]P=N2)cc1,236.22,2.8,61.82,1,3,3,1,16,0.82,1.0,0.125,0.785,True,True,True
C1=Nc2ccccc2C2=[NH+]N2NCC1,187.23,-0.64,41.37,2,3,0,1,14,0.5668,1.0,0.0,0.7834,True,True,True
FC1=CC2[C]1NN=C1C=NC=C12,162.15,0.93,36.75,1,3,0,0,12,0.5648,1.0,0.0,0.7824,True,True,True
O=C1NCC[NH+]2C[C@H](Cc3ccccc31)C2=O,231.28,-0.99,50.61,2,2,0,1,17,0.5635,1.0,0.0,0.7817,True,True,True
Cc1[nH][nH+]nc1OC=Cc1ccc(Cl)o1,226.64,1.83,65.19,1,3,3,2,15,0.8124,1.0,0.125,0.7812,True,True,True
O=[SH](=O)Cn1cncccnc2ccccc21,249.3,1.12,64.85,1,4,2,2,17,0.8101,1.0,0.125,0.7801,True,True,True
ClC1=CC=CNC1=CC=CCC=C[C@H]1Oc2ccccc21,297.79,4.75,21.26,1,2,4,1,21,0.8101,1.0,0.125,0.7801,True,True,True
Fn1cccc1CC=CCNc1ccccn1,231.27,2.83,29.85,1,2,5,2,17,0.8018,1.0,0.125,0.7759,True,True,True
CC1CC[NH+]2CCCC2OCO1,172.25,-0.23,22.9,1,2,0,0,12,0.5454,1.0,0.0,0.7727,True,True,True
O=C(Nc1ccccc1Cl)C(=O)C1=CO1,223.61,1.72,58.7,1,3,3,1,15,0.7941,1.0,0.125,0.7721,True,True,True
O=c1c2c1=Cc1ccccc1[CH]C=2,167.19,0.1,17.07,0,1,0,2,13,0.5435,1.0,0.0,0.7717,True,True,True
O=C1N=CCc2ccccc21,145.16,1.45,29.43,0,1,0,1,11,0.543,1.0,0.0,0.7715,True,True,True
FC1COC2=C3C=CC=COC321,166.15,1.46,18.46,0,2,0,0,12,0.542,1.0,0.0,0.771,True,True,True
CC(Nc1ccccc1F)N1C=CCC2=C3C4=N[SH]231C=C1C4[C@H]1C,341.45,4.55,27.63,2,3,3,1,24,0.7896,1.0,0.125,0.7698,True,True,True
N=CCCc1ccc2cc1NC(=O)C(F)=CO2,234.23,2.41,62.18,2,3,3,1,17,0.7887,1.0,0.125,0.7693,True,True,True
FC1=CNCC2=C(C=CCC=CNCl)C1=[N+][CH]SC2,298.79,2.54,38.16,2,4,4,0,19,0.7835,1.0,0.125,0.7668,True,True,True
[N+]CN1C=CC=CC=CC1=O,148.16,0.48,42.61,0,1,1,0,11,0.533,1.0,0.0,0.7665,True,True,True
C1=NNCCCOCCCC2C[NH+]=C3CCCC(N1)N32,280.4,-1.02,62.86,3,5,0,0,20,0.5316,1.0,0.0,0.7658,True,True,True
C1=C(SCC[N+]C=C2[C]3CCO[C@@H]2C3)c2ccccc2CO1,313.42,3.5,32.56,0,3,5,1,22,0.78,1.0,0.125,0.765,True,True,True
C1=CNCCCC=NC=N1,137.19,0.94,36.75,1,3,0,0,10,0.5297,1.0,0.0,0.7649,True,True,True
CC1[C@H]2CSC=C(C#N)[C@@H]12,151.23,2.02,23.79,0,2,0,0,10,0.5286,1.0,0.0,0.7643,True,True,True
O=C([O-])OC1C2C=CC=CC1N=C2,178.17,-0.09,61.72,0,4,1,0,13,0.527,1.0,0.0,0.7635,True,True,True
CC(=CC=CCC[NH3+])C(C)=Cc1ccccn1,229.35,2.62,40.53,1,1,5,1,17,0.7746,1.0,0.125,0.7623,True,True,True
O=S1(=O)CN=C2C=CC=C[C@H]21,169.21,0.31,46.5,0,3,0,0,11,0.5235,1.0,0.0,0.7617,True,True,True
O=C1N[N-]CC2C=CC=C12,135.15,0.52,43.2,1,1,0,0,10,0.5166,1.0,0.0,0.7583,True,True,True
O=C(CC(F)F)C1C(=O)c2ccccc2C(=O)N2CSc3cc2ccc31,373.38,3.9,54.45,0,4,3,2,26,0.766,1.0,0.125,0.758,True,True,True
C1=Nc2ccccc2CC1,131.18,2.34,12.36,0,1,0,1,10,0.5121,1.0,0.0,0.756,True,True,True
S=C(NCC=C1C=CC=CO1)C1CCCNCO1,266.37,1.61,42.52,2,4,3,0,18,0.7598,1.0,0.125,0.7549,True,True,True
O=C1CCC2=CC=C3N=N[C@]123,146.15,1.38,41.79,0,3,0,0,11,0.5086,1.0,0.0,0.7543,True,True,True
C[C@H](CCBr)CNC=CBr,271.0,2.86,12.03,1,1,5,0,10,0.758,1.0,0.125,0.754,True,True,True
OCCOC1CCC[NH+][NH+]2C=CC2CC1,213.3,-2.02,49.5,3,3,3,0,15,0.5069,1.0,0.0,0.7534,True,True,True
CC1=C(C=CC=CCCO)C=CSCCCC1,250.41,4.23,20.23,1,2,4,0,17,0.7535,1.0,0.125,0.7517,True,True,True
O=CCc1cccc(F)c1C=CCN1CCCO1,249.28,2.22,29.54,0,3,5,1,18,0.7493,1.0,0.125,0.7496,True,True,True
Cc1ccc2c(c1)CC(=N)C1CC(C2=O)[C@H](C=CN)CC1(O)F,316.38,2.53,87.17,3,4,1,1,23,0.7438,1.0,0.125,0.7469,True,True,True
O=C1C2CN1CCC=C2O,139.15,0.29,40.54,1,2,0,0,10,0.4899,1.0,0.0,0.745,True,True,True
C[C@@H](N)NC1=COc2ccccc2CCO1,220.27,1.33,56.51,2,4,2,1,16,0.7382,1.0,0.125,0.7441,True,True,True
CC1CC[C@@H]2CC[C@@H]1C2F,142.22,2.78,0.0,0,0,0,0,10,0.4876,1.0,0.0,0.7438,True,True,True
O=C1C2C[NH+]3CCCC[C@@H]3C12,152.22,-0.75,21.51,1,1,0,0,11,0.4845,1.0,0.0,0.7422,True,True,True
O=C1C2=CC=CCC2=C1C1CN(C=CC=CCOc2ccccc2CO)N1,362.43,2.58,61.8,2,5,7,1,27,0.7303,1.0,0.125,0.7401,True,True,True
OCC1=NC=CC=CCNN1,153.19,-0.45,56.65,3,4,1,0,11,0.4782,1.0,0.0,0.7391,True,True,True
CCCCC1[CH]CS[C@H]2ON2C=C2OCCN2C(=O)CCC=C1F,355.46,3.57,45.08,0,5,3,0,24,0.7244,1.0,0.125,0.7372,True,True,True
O=C1C(C=CC=NC2=NC3=[NH+]OC2C(=O)NCC[CH]CC3)=Nc2ccccc21,377.4,0.28,106.45,2,6,2,1,28,0.723,1.0,0.125,0.7365,True,True,True
N#CC1=CCC[CH]NC(=O)C[NH+]1,164.19,-1.19,68.49,2,3,0,0,12,0.4727,1.0,0.0,0.7364,True,True,True
C=[S@@](F)CNc1ccc(F)cc1,189.23,2.78,12.03,1,1,3,1,12,0.7208,1.0,0.125,0.7354,True,True,True
C1=CC=CC=CCCOC=1,134.18,2.19,9.23,0,1,0,0,10,0.4613,1.0,0.0,0.7307,True,True,True
C[C@@H](NC(=O)COC#[SH](C)[NH3+])c1ccccc1F,273.35,0.72,65.97,3,2,4,1,18,0.7079,1.0,0.125,0.7289,True,True,True
O=C1Nc2ccccc2N=CN2CC(OCCc3ccccc3C1=CCl)O2,383.84,3.71,63.16,1,5,0,2,27,0.7043,1.0,0.125,0.7271,True,True,True
[NH-]NCCC1NCCOC1=CC=CCl,216.69,1.56,57.09,2,3,4,0,14,0.7016,1.0,0.125,0.7258,True,True,True
[O-][P+]1=[NH+]C1=CC1CCOc2ccccc21,220.19,0.43,46.26,1,2,1,1,15,0.6974,1.0,0.125,0.7237,True,True,True
O=C1CNN2N=CC2=CO1,139.11,-0.81,53.93,1,5,0,0,10,0.4458,1.0,0.0,0.7229,True,True,True
FC1=CCCCCOC2=CC3CCCN3C3C(=[NH+]C[N+]23)c2cccc1c2Cl,388.89,2.48,32.34,1,3,0,1,27,0.6924,1.0,0.125,0.7212,True,True,True
O=C1CC2C=CN=C2NOCN=NN=[S+]2CC1CC1C[C@@H]12,307.38,1.56,87.77,1,7,0,0,21,0.6888,1.0,0.125,0.7194,True,True,True
OCOc1ccccc1OC1=C2OOC3=CC=C(CC3)C(F)C21,318.3,3.14,57.15,1,5,4,1,23,0.6826,1.0,0.125,0.7163,True,True,True
N=C1Cc2c(F)cccc2NS1(=O)=O,214.22,1.1,70.02,2,3,0,1,14,0.6785,1.0,0.125,0.7143,True,True,True
C1=Cc2ccccc2S[NH2+]CCC2CC2=C1,230.36,2.62,16.61,1,1,0,1,16,0.6778,1.0,0.125,0.7139,True,True,True
O=C1C=Nc2ccc(Cl)c(c2)[CH]OC=CC=CN(S)C=CC=CC1,359.86,4.79,41.9,1,5,0,1,24,0.6773,1.0,0.125,0.7137,True,True,True
O=C(CBr)CN1C=NC=NC1O,234.05,-0.4,65.26,1,5,3,0,12,0.6754,1.0,0.125,0.7127,True,True,True
OC[S]1CC2[NH2+]CCCCC2COC=C2C#C[C@H]21,267.39,0.24,46.07,2,2,1,0,18,0.6685,1.0,0.125,0.7092,True,True,True
CC1CC1CCN1P=C2C(=O)CCC21,209.23,2.11,20.31,0,2,3,0,14,0.6634,1.0,0.125,0.7067,True,True,True
O=C([O-])N1CC[CH][NH+]C1=O,142.11,-2.33,76.04,1,3,0,0,10,0.4117,1.0,0.0,0.7058,True,True,True
OCCNC1COCCN1CC1=C[C@H]2CN[NH+]12,241.31,-3.1,61.2,4,5,5,0,17,0.4106,1.0,0.0,0.7053,True,True,True
O=C1CCCC2=[N+](Cl)C3Cc4cccn4CC1C23,263.75,2.02,25.01,0,1,0,1,18,0.6576,1.0,0.125,0.7038,True,True,True
C1=CC(Sc2nnco2)CCC1,182.25,2.27,38.92,0,4,2,1,12,0.6576,1.0,0.125,0.7038,True,True,True
CN1C=C2C(=O)C=C3CCC4SCc5ccnnc5C1CC1C5=NS32541,370.5,3.11,58.45,0,6,0,1,25,0.6569,1.0,0.125,0.7035,True,True,True
C[C@H]1CC=CC=CN[N+]23C(=N)CC4CC2=CC=C4C=C[C@H]3C1,294.42,3.96,35.88,2,2,0,0,22,0.6519,1.0,0.125,0.7009,True,True,True
O=C1CC2C=CC=CC=C2C=C[C@@H]2OC#C[C@@H]2N1,239.27,1.46,38.33,1,2,0,0,18,0.6499,1.0,0.125,0.7,True,True,True
O=CC1=Nc2ccccc2C=CCC1=O,199.21,1.94,46.5,0,3,1,1,15,0.6487,1.0,0.125,0.6994,True,True,True
C=CNC=CCOC1C2=C(C)C[C@@H]21,177.25,1.97,21.26,1,2,5,0,13,0.6482,1.0,0.125,0.6991,True,True,True
OCCC1=C(C2[C]S[C@@H](O)C2)C1,184.26,1.18,40.46,2,3,3,0,12,0.647,1.0,0.125,0.6985,True,True,True
O=Cc1ccccc1C=CCC1=C[NH+](O)N1,217.25,0.54,53.77,3,3,4,1,16,0.645,1.0,0.125,0.6975,True,True,True
CC(O)=CC=C1C(O)=C1Br,203.03,2.55,40.46,2,2,1,0,10,0.6425,1.0,0.125,0.6963,True,True,True
CC1=C2C(=N)C23CCSOC(C)=C3OC1,223.3,2.65,42.31,1,4,0,0,15,0.6419,1.0,0.125,0.696,True,True,True
O=C[SH]1C=CCC1Nc1ccccc1OC1=C2CC[C@@H]21,287.38,3.59,38.33,2,3,5,1,20,0.6418,1.0,0.125,0.6959,True,True,True
[O-]CN(C=COc1ccc(F)cc1F)Cc1ccn[nH]1,280.25,1.36,64.21,1,4,6,2,20,0.6407,1.0,0.125,0.6954,True,True,True
C=[P@]12C=CC=C1C=C1C=NN(C)C=C=[PH]1PO2,282.16,3.25,24.83,0,3,0,0,17,0.6371,1.0,0.125,0.6935,True,True,True
O=C1CCCC1NC1[CH]CCCC1=CN[C@@H]1C=NNC(F)=CC=COCC1=O,389.45,1.8,91.82,3,7,4,0,28,0.6353,1.0,0.125,0.6926,True,True,True
O=C(C=CC=CF)NCc1ccccc1Cl,239.68,3.0,29.1,1,1,4,1,16,0.6352,1.0,0.125,0.6926,True,True,True
O=C1NC2OC(=O)C2c2ccccc2O1,205.17,0.76,64.63,1,4,0,1,15,0.6347,1.0,0.125,0.6924,True,True,True
CS(=O)(=O)C1=CC=CC2CCC3(CCCC[C@@H]3CC=CNC(=O)C3CC4C[C@]243)C(C=O)=C1,455.62,4.24,80.31,1,4,2,0,32,0.6317,1.0,0.125,0.6908,True,True,True
N=CCOc1ccccc1,135.17,1.71,33.08,1,2,3,1,10,0.6287,1.0,0.125,0.6894,True,True,True
CC1(C)C(=O)[NH+]2NC(=O)C21,141.15,-2.15,50.61,2,2,0,0,10,0.3779,1.0,0.0,0.6889,True,True,True
O=C1c2ccccc2N[S]1P,184.18,2.23,29.1,1,2,0,1,11,0.6262,1.0,0.125,0.6881,True,True,True
O=C1c2ccccc2N1[CH]S,164.21,1.7,20.31,1,2,1,1,11,0.6262,1.0,0.125,0.6881,True,True,True
O=[N+](C1=CC[C@@H]2C[N+]12)N1CCCS1=Nc1cccc(F)c1Cl,341.82,2.99,41.58,0,3,3,1,22,0.6262,1.0,0.125,0.6881,True,True,True
[O-][NH2+]CCC1CCC=CCOc2ccccc2N=Nc2ccccc2N1CO,382.46,3.41,97.09,2,6,4,2,28,0.6254,1.0,0.125,0.6877,True,True,True
N=C1CCCNC[C@H]1CCF,158.22,1.37,35.88,2,2,2,0,11,0.6252,1.0,0.125,0.6876,True,True,True
O=Cc1ccccc1CN1C=N1,160.18,1.26,32.44,0,3,3,1,12,0.6233,1.0,0.125,0.6866,True,True,True
CC(C)OC=Cc1ccco1,152.19,2.68,22.37,0,2,3,1,11,0.6211,1.0,0.125,0.6855,True,True,True
[NH+]CCNC(=O)C=Cc1ccncc1,190.23,-0.98,65.79,1,2,4,1,14,0.6203,1.0,0.125,0.6851,True,True,True
O=C1[SH]=Nc2cc(Cl)ccc21,185.63,2.12,29.43,1,2,0,1,11,0.6169,1.0,0.125,0.6835,True,True,True
CC(CO)N1C=CC=CC(=[NH2+])C(=O)[SH]2N=CC=C2C=CCOC1,336.44,-0.11,87.72,3,5,2,0,23,0.6144,1.0,0.125,0.6822,True,True,True
Cc1cccc2cc(NCC=CCC=N)[nH+]c-2c1,240.33,2.92,50.02,2,2,5,0,18,0.6124,1.0,0.125,0.6812,True,True,True
O=C1NCC=CC2=CC3(OCC[CH]C34COCCN4C3=CN=[N+]23)OCOCc2ccccc21,450.5,2.04,84.63,1,7,0,1,33,0.6094,1.0,0.125,0.6797,True,True,True
C[C@H]1CC[SH]2C3=[P@]12C(OC(=O)NC1CCCC1=O)=C3,299.33,2.56,55.4,2,3,2,0,19,0.6084,1.0,0.125,0.6792,True,True,True
O=[SH]1=NC([C@H]2C[CH]CCO2)=C1,172.23,0.89,38.66,1,3,1,0,11,0.5964,1.0,0.125,0.6732,True,True,True
O=C(CC1CCSC=N1)NC[S-]Cl,238.77,1.22,41.46,1,4,4,0,13,0.5917,1.0,0.125,0.6708,True,True,True
CC(C)(CC=O)[C]1CC[CH]O1,154.21,2.11,26.3,0,2,3,0,11,0.5818,1.0,0.125,0.6659,True,True,True
C1=Cc2ncccc2[NH2+]SC1,165.24,0.95,29.5,1,2,0,1,11,0.58,1.0,0.125,0.665,True,True,True
CC(O)=C1O[C@@H]1Cc1ccccc1F,194.2,2.56,32.76,1,2,2,1,14,0.5793,1.0,0.125,0.6646,True,True,True
BrC=CCCCN1[C@@H]2CCN3C=CSC=C3CN21,328.28,3.3,9.26,0,4,4,0,18,0.5781,1.0,0.125,0.6641,True,True,True
[CH]1OC=[NH+]C=Cc2c3cccc2[SH]13,191.25,0.65,23.2,2,1,0,1,13,0.5778,1.0,0.125,0.6639,True,True,True
O=S(=O)(COC=CCl)C(F)=CC=CNC=CF,285.7,2.44,55.4,1,4,7,0,17,0.5765,1.0,0.125,0.6633,True,True,True
O=C1NC=CC=C(NCCc2ccccc2)[NH+]=[SH]1,262.36,-0.02,55.1,4,2,4,1,18,0.5764,1.0,0.125,0.6632,True,True,True
N=CC=CC(F)=C1C(F)=C[SH]1C=CBr,280.14,4.07,23.85,2,1,3,0,14,0.5751,1.0,0.125,0.6625,True,True,True
OC1=COOc2ccccc21,150.13,1.87,38.69,1,3,0,1,11,0.5735,1.0,0.125,0.6618,True,True,True
CN1C2O[NH+]1C(=N)c1ccccc12,176.2,-0.3,40.76,2,3,0,1,13,0.5696,1.0,0.125,0.6598,True,True,True
c1ccc([C@@H]2[NH2+][SH]3N=C23)cc1,165.24,0.55,28.97,2,1,1,1,11,0.569,1.0,0.125,0.6595,True,True,True
C#CCC(C)CC1CC1=CCl,168.67,3.18,0.0,0,0,3,0,11,0.5683,1.0,0.125,0.6592,True,True,True
O=C1CC2=C(C(=O)[O-])C=CC=CC2[N+]#[N+]1,203.18,0.12,65.92,0,3,1,0,15,0.5683,1.0,0.125,0.6592,True,True,True
O=C1N[C@H]1c1ccccc1,133.15,0.86,39.01,1,1,1,1,10,0.5667,1.0,0.125,0.6583,True,True,True
CC=COc1ccccc1C([NH-])SC=O,222.29,3.57,50.1,0,3,5,1,15,0.5649,1.0,0.125,0.6574,True,True,True
O=CC1N=CC=[N+]1Cc1ccccc1Cl,221.67,1.53,32.44,0,2,3,1,15,0.5629,1.0,0.125,0.6564,True,True,True
C=C1CN(C)C(=O)C=CCC[NH+](F)C=C(Cl)C=C1CCC=COC=CCl,402.32,3.76,33.98,1,2,5,0,26,0.5615,1.0,0.125,0.6558,True,True,True
O=CCSC1=C2C3=C4COC(=C4CC=C13)CC=CCS(=O)(=O)c1ccccc12,410.52,3.99,60.44,0,5,3,1,28,0.5571,1.0,0.125,0.6536,True,True,True
CC1=[NH+]C=C2OCCC(=O)S2=P1,202.19,-0.28,40.27,1,2,0,0,12,0.5489,1.0,0.125,0.6495,True,True,True
C1=[P](Oc2ccco2)NS1,174.14,1.98,34.4,1,4,2,1,10,0.5488,1.0,0.125,0.6494,True,True,True
FC1=COC2=C3CC[C@H](c4ccccc42)N1[NH2+]3,231.25,1.78,29.08,1,2,0,1,17,0.5445,1.0,0.125,0.6472,True,True,True
C=CP(#N)CC1=CC=CC1=C,163.16,3.14,23.79,0,1,1,0,11,0.5445,1.0,0.125,0.6472,True,True,True
SC1CCO[C@]12C=NC=CC2,169.25,1.43,21.59,1,3,0,0,11,0.5443,1.0,0.125,0.6472,True,True,True
[NH3+]P1CC2CCCC2CC1=O,172.19,0.97,44.71,1,1,0,0,11,0.5436,1.0,0.125,0.6468,True,True,True
CC=C1C=C2C[C@H]3CS[C@H]4CC=C1OC2[SH]1OC341,280.41,3.28,21.76,1,3,0,0,18,0.5435,1.0,0.125,0.6467,True,True,True
COCCNCCN=C1C=CNC(=O)c2ccccc2NC=CC=C1C1Cc2ccccc2N1[NH],471.59,3.1,101.79,3,6,7,2,35,0.5389,1.0,0.125,0.6444,True,True,True
[N+]C([O-])(O)OCC1=CC=C/C=N/[N+]=N1,195.16,-1.74,113.64,1,6,3,0,14,0.5389,1.0,0.125,0.6444,True,True,True
O=CCC1CCCCC[N-]1,140.21,1.89,31.17,0,1,2,0,10,0.5387,1.0,0.125,0.6443,True,True,True
O=CCN=CCN1C(=O)c2ccccc21,202.21,0.92,49.74,0,3,4,1,15,0.5381,1.0,0.125,0.6441,True,True,True
CC1Cc2ccccc2C(C2=CNC=NN=N2)C(C=COC=CCl)=NCC1N=CF,428.9,4.85,83.06,1,7,5,1,30,0.5367,1.0,0.125,0.6433,True,True,True
FCC=CNCC[C@H]1CC[NH2+]1,159.23,-0.21,28.64,2,1,5,0,11,0.5337,1.0,0.125,0.6419,True,True,True
O=C1NC2[C@H](Cl)[C@]23CCCN13,172.61,0.53,32.34,1,1,0,0,11,0.5317,1.0,0.125,0.6408,True,True,True
ClCc1ncccc1-c1coo1,183.59,2.67,39.17,0,3,2,2,12,0.5309,1.0,0.125,0.6404,True,True,True
CC1(O)C=S2C=C[C@@H]2N(C[NH-])C(CCC=CF)=CN1,284.38,2.64,59.3,2,3,4,0,19,0.7802,1.0,0.25,0.6401,True,True,False
CC[C]1CC2=C3CC(=O)[P@@]123,152.13,2.51,17.07,0,1,1,0,10,0.5274,1.0,0.125,0.6387,True,True,True
CC(CC=O)[N+](=O)C1c2scc[n+]21,198.25,0.65,41.03,0,3,4,1,13,0.5263,1.0,0.125,0.6381,True,True,True
O=C1CCCOC1CNO,145.16,-0.29,58.56,2,4,2,0,10,0.5242,1.0,0.125,0.6371,True,True,True
O=PC1=NN=CC=CN=C1,153.08,1.26,54.15,0,4,1,0,10,0.5229,1.0,0.125,0.6364,True,True,True
O=CCC1=CC(=O)C(=CCl)CC=C1F,214.62,2.45,34.14,0,2,2,0,14,0.5228,1.0,0.125,0.6364,True,True,True
CC(C)(CC=N)CN=C1C[SH](=O)=N1,201.3,1.13,65.64,2,3,4,0,13,0.5194,1.0,0.125,0.6347,True,True,True
CCCC[CH]N1[N+]CS[N+]C(C#N)O1,213.29,1.16,64.46,0,4,4,0,14,0.5191,1.0,0.125,0.6345,True,True,True
CC=CC=C1CC2=C1OCC(=NN)C=N2,203.25,1.52,59.97,1,4,1,0,15,0.5185,1.0,0.125,0.6342,True,True,True
C#CC1=N[S@](=O)COC=CC=C1,181.22,0.78,38.66,0,2,0,0,12,0.5179,1.0,0.125,0.634,True,True,True
[NH][S@@]12[C][NH2+]CCC[C@@H]1OC2=O,174.23,-0.18,66.71,1,2,0,0,11,0.5175,1.0,0.125,0.6338,True,True,True
C[C]1[C@@H]2C([O-])=C3Cc4ccccc4SC=CS(=O)(=O)CC3OC3=CC4[SH]2C134,418.56,2.23,66.43,1,5,0,1,27,0.517,1.0,0.125,0.6335,True,True,True
C1=C2OCOP234CCC3=C4C1,168.13,2.33,18.46,0,2,0,0,11,0.5166,1.0,0.125,0.6333,True,True,True
N=CC=C1CC(=O)S(=O)N1,158.18,-0.3,70.02,2,3,1,0,10,0.5144,1.0,0.125,0.6322,True,True,True
O=CC=CNC1OC=C2C=CC=C21,175.19,1.02,38.33,1,3,3,0,13,0.5139,1.0,0.125,0.632,True,True,True
CC(=O)OC=CCCC(Cl)C1[NH+]CCc2ccccc21,293.79,2.1,41.9,1,3,5,1,20,0.5131,1.0,0.125,0.6316,True,True,True
N=C1CCCN1C(=O)C=CC=CF,182.2,1.63,44.16,1,2,2,0,13,0.5116,1.0,0.125,0.6308,True,True,True
O=CCCC(=O)CO[NH+]1CN2CCCNC21,228.27,-2.1,63.08,2,5,6,0,16,0.51,1.0,0.125,0.63,True,True,True
O=C[P@@]1Cc2ccccc2N1,165.13,2.2,29.1,1,2,1,1,11,0.5101,1.0,0.125,0.63,True,True,True
O=CC1=CC=C[SH]1C(=O)NCC=CC1C=Cc2ccccc2O1,327.41,3.34,55.4,2,3,4,1,23,0.5065,1.0,0.125,0.6282,True,True,True
F[SH]1c2coc3ccccc3[nH]p21,215.19,3.89,28.93,2,1,0,2,13,0.5062,1.0,0.125,0.6281,True,True,True
O=C1SNCC2=CC=NC12,154.19,0.14,41.46,1,4,0,0,10,0.5046,1.0,0.125,0.6273,True,True,True
O=S1(=O)CC[C@@H]2C([CH]OCOCC(F)CCF)=C21,281.3,1.54,52.6,0,4,8,0,18,0.5,1.0,0.125,0.625,True,True,True
CC1=CC(=CC[P])[SH]1C(=O)[O-],187.18,1.54,40.13,1,2,1,0,11,0.4993,1.0,0.125,0.6247,True,True,True
CC1CC=C2CC(S)[N+]2=S(F)C(=O)NC1,249.36,1.98,32.11,2,2,0,0,15,0.4992,1.0,0.125,0.6246,True,True,True
O=CCC#S12C=NC(F)=CC=C1CCC2,225.29,2.87,29.43,0,2,1,0,15,0.4981,1.0,0.125,0.624,True,True,True
O=C(N[C@H](S)C=CC=CC=C1C=CCCO1)c1ccccc1,313.42,3.65,38.33,2,3,5,1,22,0.4946,1.0,0.125,0.6223,True,True,True
CC1=COC(=[NH+]C=O)C1CCCCCCCC=O,252.33,1.1,57.34,1,3,9,0,18,0.4937,1.0,0.125,0.6219,True,True,True
O=CC1=[NH+][N-]CCCCC1,140.19,-0.43,45.14,1,1,1,0,10,0.4934,1.0,0.125,0.6217,True,True,True
c1ccc(O[C@H]2[N+][S+]N2)nc1,168.2,-0.14,48.25,1,4,2,1,11,0.4932,1.0,0.125,0.6216,True,True,True
O=C1NNC([N+](=O)[O-])c2ccccc21,193.16,0.21,84.27,2,4,1,1,14,0.4929,1.0,0.125,0.6215,True,True,True
CC1=CC2=CSC=CCC3C4=NC5=[S](=N4)NN5OC[CH]C4(CCCC34)C(C=N)=C12,425.58,4.02,73.07,2,7,1,0,29,0.4917,1.0,0.125,0.6209,True,True,True
Oc1c(F)cc2c3c1OC(c1cccnc1)N=CCSC(=C2)N1C(=CCS2=C1P2)C3,457.49,4.84,57.95,1,6,1,2,30,0.4907,1.0,0.125,0.6203,True,True,True
CN(CC=NC=CSC(=O)NC1CCCC1=N)C[SH]=O,316.45,1.38,85.62,3,6,7,0,20,0.4891,1.0,0.125,0.6196,True,True,True
O=C1C2=C(Cc3ccccc31)[N+]13[NH+]CC[C@H]1C23,225.27,-0.07,32.67,1,2,0,1,17,0.4863,1.0,0.125,0.6181,True,True,True
O=C1[CH]CO/[N+]=C\[S-]C(F)=C1,174.18,-0.04,40.4,0,4,0,0,11,0.4838,1.0,0.125,0.6169,True,True,True
OC1=NC=C(OCOC2=P3=[S+]2=[S]3)C=CC=C1,273.28,1.94,51.05,1,3,4,0,16,0.4836,1.0,0.125,0.6168,True,True,True
[NH3+]CCCC=CCC=CSC=CCO,214.35,1.71,47.87,2,2,8,0,14,0.4771,1.0,0.125,0.6136,True,True,True
COC12CC1C[CH][NH+]1C(=O)C12,153.18,-1.25,30.74,1,2,1,0,11,0.4772,1.0,0.125,0.6136,True,True,True
C[C@@H](C=NC=CC=C[NH])CN1C=NC1,191.26,1.3,51.76,0,3,5,0,14,0.4771,1.0,0.125,0.6136,True,True,True
[NH+]#P=Cc1ccc(Cl)cc1CC=C(O)CCC=O,282.69,2.13,61.1,2,2,6,1,18,0.4769,1.0,0.125,0.6135,True,True,True
N=CCC=C1NSC=C1F,158.2,1.97,35.88,2,3,2,0,10,0.4758,1.0,0.125,0.6129,True,True,True
CC=C=CSCCCC1=C2N3CCC=CN=CCO[C@@H]1[NH+]=NN23,332.45,1.72,53.94,1,6,5,0,23,0.4732,1.0,0.125,0.6116,True,True,True
CC=CCCC(=O)NC=CC=N,166.22,1.62,52.95,2,2,5,0,12,0.473,1.0,0.125,0.6115,True,True,True
O=CC1=[NH+]CCC=CC=C1,136.17,-0.78,31.04,1,1,1,0,10,0.4711,1.0,0.125,0.6106,True,True,True
O=CC1=CC2CCCCC2[NH+]1[P],182.18,0.85,21.51,1,1,1,0,12,0.4709,1.0,0.125,0.6104,True,True,True
[O-]N=Cc1ccccc1O,136.13,1.31,55.65,1,3,1,1,10,0.467,1.0,0.125,0.6085,True,True,True
FC=C=CCCC=C1C[CH][NH2+]1,153.2,1.42,16.61,1,0,3,0,11,0.4662,1.0,0.125,0.6081,True,True,True
O=CONc1ccccc1NO,168.15,0.99,70.59,3,5,4,1,12,0.4616,1.0,0.125,0.6058,True,True,True
O=C1NCC2=C3OC(=O)[N+]3C2N1,167.12,-0.86,73.33,2,3,0,0,12,0.4609,1.0,0.125,0.6055,True,True,True
O=C1C2=[P]1O[SH]1C=CC=C1C2,185.16,1.84,26.3,1,2,0,0,11,0.4601,1.0,0.125,0.605,True,True,True
O=CC1=P2=C1C(C1=CC1)=CN=C2,175.13,1.28,29.43,0,2,2,0,12,0.4588,1.0,0.125,0.6044,True,True,True
Clc1ccccc1C[NH2+][CH]OC=CSc1ccccc1Cl,340.27,4.46,25.84,1,2,7,2,21,0.4576,1.0,0.125,0.6038,True,True,True
CC1CCN2C(=O)C=CNC(=O)NC3=[NH+]CCCc4c(cccc43)C([N+](=O)[O-])=CC=C12,422.47,0.66,118.55,3,4,1,1,31,0.455,1.0,0.125,0.6025,True,True,True
O=CN=CC1=C[S@]2(Cl)OCS(=O)(=O)C1C(=O)[C@H]2S,329.81,0.58,89.87,1,6,2,0,18,0.4545,1.0,0.125,0.6022,True,True,True
O=C(CCOC=CC1=C2OCC2[NH+]C1=O)NC1C=NC=CN=CO1,332.32,-1.51,114.18,2,7,6,0,24,0.4534,1.0,0.125,0.6017,True,True,True
C=C1C=C[SH](C=O)C2=C1N[C]2,165.22,1.11,29.1,2,2,1,0,11,0.45,1.0,0.125,0.6,True,True,True
[NH3+]NC1=CC=CC=CCSC=Cc2cccc3c2CC=C1NC(=O)N1CCOCC1CC3C=O,479.63,2.67,98.31,3,5,2,1,34,0.4476,1.0,0.125,0.5988,True,True,True
O=COC=C1CCCON1,143.14,0.32,47.56,1,4,2,0,10,0.4463,1.0,0.125,0.5981,True,True,True
C[NH+]1CCC1[N+](=O)OCCCF,178.21,-0.7,33.75,1,2,5,0,12,0.446,1.0,0.125,0.598,True,True,True
ClC1=CC#CC=CC=CC=NN1,178.62,1.77,24.39,1,2,0,0,12,0.4439,1.0,0.125,0.5969,True,True,True
O=C1CCC[C@@H]1SC=CC(O)c1ccccc1CCOCOC1NC2=CC=C3[C]C321,423.53,3.46,67.79,2,6,10,1,30,0.4438,1.0,0.125,0.5969,True,True,True
C[C@@H]1CC2=C(NCCN(C)C)[SH]2NC1=CC=N,254.4,1.4,51.15,4,4,5,0,17,0.443,1.0,0.125,0.5965,True,True,True
O=S1(=O)CCC2=C(F)P2S1,198.18,2.0,34.14,0,3,0,0,10,0.4407,1.0,0.125,0.5954,True,True,True
O=C([O-])C=Cc1ccccc1CCNC(=O)N=CCC=CC(=O)F,331.32,1.22,98.66,1,4,8,1,24,0.4396,1.0,0.125,0.5948,True,True,True
O=C1C2SNC3=CC=CS132,171.25,1.28,29.1,1,3,0,0,10,0.4395,1.0,0.125,0.5948,True,True,True
O=C1ON=CCOC[N+]C=CO[SH]([SH]2C=NO2)Cc2cc(F)ccc21,388.42,2.27,92.81,2,7,1,1,25,0.4374,1.0,0.125,0.5937,True,True,True
O=CC=CC1=C(C=CC=CF)NCCO1,209.22,1.61,38.33,1,3,4,0,15,0.4341,1.0,0.125,0.592,True,True,True
CC=CC=C1C2=CC=C(NC3=CC=C4N=S5N=C5C3[NH+](C)CCCN4)C12[NH+](C)C=O,424.57,-0.93,74.73,4,5,5,0,30,0.4311,1.0,0.125,0.5906,True,True,True
Clc1ccccc1[S-]12=C=[S@]1[CH]N2,215.73,2.32,12.03,1,2,1,1,12,0.4309,1.0,0.125,0.5905,True,True,True
CC([O-])(O)[SH]1CCCCCC(=O)N2C3=CC=C[CH]C321,281.38,0.78,63.37,2,3,1,0,19,0.4241,1.0,0.125,0.587,True,True,True
O=CCOC=CNC12C[C@H]1C(C=O)=CC=CC=CC[C@@H](O)C2=O,317.34,0.59,92.7,2,6,6,0,23,0.4231,1.0,0.125,0.5866,True,True,True
O=P#CNC1COCC1=O,159.08,-0.25,55.4,1,4,1,0,10,0.4231,1.0,0.125,0.5866,True,True,True
[CH]1CCO[SH](C2C=CC[NH2+]2)C1,173.28,-0.01,25.84,2,1,1,0,11,0.4231,1.0,0.125,0.5866,True,True,True
CCCC=CCC(C=O)C[O-],155.22,0.91,40.13,0,2,6,0,11,0.4222,1.0,0.125,0.5861,True,True,True
C=CC1CCCCC(C=CC[NH+](C)CC=CC=O)=N1,261.39,1.38,33.87,1,2,7,0,19,0.4192,1.0,0.125,0.5846,True,True,True
COC=CCCC(=O)[CH][NH+][O-],157.17,-0.5,64.96,1,4,6,0,11,0.4175,1.0,0.125,0.5837,True,True,True
N=C1CC1C[C@H]1C=CC=C(C=O)[NH2+]N1,192.24,-0.49,69.56,3,3,3,0,14,0.4168,1.0,0.125,0.5834,True,True,True
O=Cc1ccco[n-][s+]([S])so1,222.29,2.66,57.45,0,4,1,1,12,0.4162,1.0,0.125,0.5831,True,True,True
COC1=C(F)C1=CC=CC(=O)NC1=C=CC=CC=CC2C(=CC3COC4=CN43)CCC12,418.47,4.06,50.57,1,4,5,0,31,0.4157,1.0,0.125,0.5828,True,True,True
[O-][N+]COCCCCCO,147.17,0.23,66.62,1,3,7,0,10,0.4136,1.0,0.125,0.5818,True,True,True
ClCC1=C2C3=CC45C=CC=CC4C/C=C\[SH]312C=CC=CN5,315.87,4.45,12.03,2,1,1,0,21,0.4137,1.0,0.125,0.5818,True,True,True
O=COC1=CC2CCCCC2[NH2+][NH2+]1,184.24,-1.38,59.52,2,2,2,0,13,0.4101,1.0,0.125,0.58,True,True,True
O=C([O-])C1=C2C=C([N+](=O)[O-])[S]21,171.13,-0.64,83.27,0,4,2,0,11,0.4084,1.0,0.125,0.5792,True,True,True
c1ccc2c(c1)[S@]1=[NH+]C[SH]21,170.28,0.19,13.97,2,0,0,1,10,0.4077,1.0,0.125,0.5788,True,True,True
[S+]P[NH2+][SH]1#Cc2ccccc2O1,217.26,0.84,25.84,2,1,1,1,12,0.4067,1.0,0.125,0.5784,True,True,True
C1=CC2=C3C4C2[S+]2[S]=P[NH2+]C5CCCC42OCCOC35c2ccccc2O1,418.5,2.36,44.3,1,3,0,1,27,0.3998,1.0,0.125,0.5749,True,True,True
O=[S@@]1C2N3CCCCC3CNC=CC=C[SH]23=C(CCO)[NH+]13,330.5,-0.7,57.01,4,4,2,0,21,0.3994,1.0,0.125,0.5747,True,True,True
O=C1OC=CC=C(Cl)P234N=CC2(C[NH+]3)OOC=C14,286.61,0.47,72.72,1,6,0,0,18,0.399,1.0,0.125,0.5745,True,True,True
O=C[C@@H]1[CH]C2OCC=C2CO1,153.16,0.11,35.53,0,3,1,0,11,0.396,1.0,0.125,0.573,True,True,True
CC1(O)COC2=[N+]C3=CN=[N+]4[NH2+]C([O-])CCCC(=C5COCCN51)C1=CS32C4=C1,418.5,-0.81,111.07,2,7,0,0,29,0.3947,1.0,0.125,0.5724,True,True,True
O=C(CC=NN=S)CNCC1CN2CCC[C@@H]2[C@H]1C=CC=CCl,354.91,2.27,57.06,1,5,9,0,23,0.3918,1.0,0.125,0.5709,True,True,True
[O-]C=COC1=CCCCCOS[NH2+]1,203.26,0.0,58.13,1,4,2,0,13,0.3898,1.0,0.125,0.5699,True,True,True
c1coc(CC[NH+]2OS2)c1,158.2,0.22,30.11,1,3,3,1,10,0.3874,1.0,0.125,0.5687,True,True,True
Nc1cccc(N2NCC(=O)N2)c1C=COC=O,248.24,-0.23,96.69,3,6,4,1,18,0.3867,1.0,0.125,0.5684,True,True,True
C=CC=CC=CNC1=CC=CNC1=CC=COC1=COC2([C@H]3CCCO3)O[C@@H]12,380.44,3.39,64.28,2,6,8,0,28,0.3823,1.0,0.125,0.5661,True,True,True
O=CC=C1C=[NH+]NC1C=CF,155.15,-1.37,43.07,2,2,2,0,11,0.3816,1.0,0.125,0.5658,True,True,True
O=C[CH]SNC[CH]C=CCl,177.66,1.54,29.1,1,3,6,0,10,0.3793,1.0,0.125,0.5646,True,True,True
O=C([O-])CCCOC=CCCCNC1=C=C=CC=CC=C1,286.35,1.74,61.39,1,4,10,0,21,0.3774,1.0,0.125,0.5637,True,True,True
ClC=CC=CC=CCSc1cccn1C=CCCCC1CC[NH2+]1,349.95,4.42,21.54,1,1,10,1,23,0.3766,1.0,0.125,0.5633,True,True,True
O=C1C[NH2+]C(SC2COC=CC=CC=C2NC2=CN=C[SH]2OCCO)=Cc2ccccc2N1,487.63,1.94,108.79,5,7,7,1,33,0.3764,1.0,0.125,0.5632,True,True,True
C=Nc1c(F)cccc1O[SH]1C=CC(=O)CCCCCC1=C,321.42,5.01,38.66,1,3,3,1,22,0.6273,0.75,0.1261,0.5625,True,True,True
FC1=CCC[C@@]1(Cl)CC1C=CC=CC2C[CH]CCCS2=N1,326.89,5.05,12.36,0,1,2,0,21,0.6293,0.75,0.1295,0.5601,True,True,True
O=CNC=CC=CC[N+]12C=CC1=N2,176.2,0.47,41.46,1,2,5,0,13,0.3691,1.0,0.125,0.5595,True,True,True
CCCOC[C@H](Br)COCC=CC=CF,281.16,3.23,18.46,0,2,9,0,15,0.3668,1.0,0.125,0.5584,True,True,True
COC(=CC=CC=CCC=CC1C[C@@H]1C)CF,236.33,4.2,9.23,0,1,7,0,17,0.3655,1.0,0.125,0.5577,True,True,True
CCN1CC(=CC=CC=CNC=O)C[NH2+]1,208.28,-0.46,48.95,2,2,5,0,15,0.3649,1.0,0.125,0.5575,True,True,True
C1=CNNC2=C/C=N\[SH]=N\[N+][PH]=12,200.19,-0.5,62.88,3,4,0,0,12,0.3643,1.0,0.125,0.5572,True,True,True
CCOC(C=O)SCC([O-])=CCCC1N=CN1,257.33,0.26,73.75,1,6,9,0,17,0.3643,1.0,0.125,0.5572,True,True,True
CN(Cc1ccccc1F)C(O)C=CC=CC=O,249.28,1.89,40.54,1,3,6,1,18,0.3621,1.0,0.125,0.556,True,True,True
CC1CCC=C2S3=C=[S@]23=S(=O)=C(C=CCCO)N1,303.47,1.33,49.33,2,3,3,0,18,0.3579,1.0,0.125,0.5539,True,True,True
N=[P]=CC1=CC=C(Cl)C1=O,172.53,2.13,40.92,1,2,1,0,10,0.6051,1.0,0.25,0.5525,True,True,False
O=C(F)OC1=CCN(F)P[NH+]1,182.07,-0.01,45.14,1,4,1,0,11,0.3522,1.0,0.125,0.5511,True,True,True
O=C1CCN2CCCC(O)C3=[P@@]4(P=[S-]34)[C@@H](COCC2)COc2cc3cc(c2)c(o3)=CO1,481.45,2.54,81.37,1,8,0,2,31,0.352,1.0,0.125,0.551,True,True,True
O=[N+]([O-])C=CC1=CNNCCN=[NH+]1,184.18,-1.74,93.53,3,5,2,0,13,0.3505,1.0,0.125,0.5503,True,True,True
C=CNC(NC[N+]#N)OC=COC,185.21,0.54,70.67,2,5,7,0,13,0.3439,1.0,0.125,0.547,True,True,True
O=C[SH]1C=c2ccc(F)cc2=CNC(=O)OC2=C3C4OCC1NS234=O,384.41,-0.56,93.73,3,5,1,1,25,0.3428,1.0,0.125,0.5464,True,True,True
C[C@H](COCC=O)P(=O)=O,164.1,0.76,60.44,0,4,5,0,10,0.3417,1.0,0.125,0.5458,True,True,True
FC1=CNC2=CC2=CC=[N+][NH2+]1,152.15,-0.93,42.74,2,2,0,0,11,0.3415,1.0,0.125,0.5457,True,True,True
O=CC=CC=C(F)C=CF,144.12,2.08,17.07,0,1,3,0,10,0.3364,1.0,0.125,0.5432,True,True,True
[NH3+]CC[CH]C[N+]1CCC(=NNCCCF)C1,230.33,-0.33,57.93,2,3,8,0,16,0.3348,1.0,0.125,0.5424,True,True,True
[N+]C=CC(=O)C=NN=CC=C[N+]=O,178.15,-0.19,95.26,0,5,5,0,13,0.3311,1.0,0.125,0.5405,True,True,True
[N-]=C[NH2+]C=CC=C1C=C1[SH]=O,168.22,-0.57,55.98,2,1,4,0,11,0.3295,1.0,0.125,0.5397,True,True,True
O=CCCC=CC=C[NH+]=O,140.16,-0.12,48.11,1,2,5,0,10,0.3286,1.0,0.125,0.5393,True,True,True
O=CC1C#C[SH]=CN=Cc2ccccc21,215.28,1.59,29.43,1,2,1,1,15,0.3276,1.0,0.125,0.5388,True,True,True
N=CCCC=CON1N[N-]N=CC=CS1,226.29,2.12,74.81,2,6,5,0,15,0.3257,1.0,0.125,0.5378,True,True,True
ClC1=CC=CN[N+]C[NH+]N[S+]1,191.67,-1.49,53.76,3,4,0,0,11,0.3233,1.0,0.125,0.5366,True,True,True
CN(CC=CO)N=CC[O-],143.17,-0.66,58.89,1,4,4,0,10,0.3226,1.0,0.125,0.5363,True,True,True
O=[S@@]1NC=C(C=CC=CSCNc2ccccc2OCc2ccccc2Cl)[NH2+]1,434.99,3.68,66.97,3,4,9,2,28,0.3198,1.0,0.125,0.5349,True,True,True
CC1=CC=[NH+]C2C=CC3=CC(Cl)=C2CCC[CH]CC(=C1)C=C3CSC(C)(C)CC=O,442.07,5.19,31.04,1,2,5,0,30,0.5951,0.75,0.1406,0.5319,True,True,True
FC1=CC=C(Cl)C1=COC=CCC=C1CC=S=N1,283.75,4.14,21.59,0,2,4,0,18,0.5613,1.0,0.25,0.5307,True,True,False
C[P@@]12=[SH]OCC1C=C2NCCl,211.65,1.32,21.26,2,2,2,0,11,0.3112,1.0,0.125,0.5306,True,True,True
Cc1ccccc1C(=CC=CCCO[NH-])COC=O,260.31,3.48,59.33,0,3,8,1,19,0.311,1.0,0.125,0.5305,True,True,True
CC([NH3+])(CO)C(=CF)CC(=O)NCCC=CC=O,259.3,-0.52,94.04,3,3,8,0,18,0.311,1.0,0.125,0.5305,True,True,True
O=C1OC2=NC3=CCC4C(=O)[S+]1324,182.18,0.35,55.73,0,4,0,0,12,0.3084,1.0,0.125,0.5292,True,True,True
C#CC=CC=C[S@](=O)(=S)S,190.31,1.28,17.07,1,2,2,0,10,0.3057,1.0,0.125,0.5279,True,True,True
C1CS23CC2[NH+]2O[SH]234CN=C14,191.3,-0.43,29.33,2,2,0,0,11,0.3035,1.0,0.125,0.5268,True,True,True
Cc1cccc(NC(=O)C=C(F)Br)c1CCCC=COCC=O,384.25,4.19,55.4,1,3,9,1,23,0.3007,1.0,0.125,0.5253,True,True,True
CC1O[S@@]23=C1CCNC=Cc1c[nH]cc1C2O3,251.33,2.23,49.58,2,3,0,1,17,0.5489,1.0,0.25,0.5245,True,True,False
O=CN1C[C@@H]2CCC[NH2+][NH+]21,143.19,-3.1,41.36,2,1,1,0,10,0.2962,1.0,0.125,0.5231,True,True,True
N[SH]([NH2+])S(=O)(=O)C=CC=C(F)C(F)(F)F,268.26,0.06,85.46,3,4,3,0,15,0.2928,1.0,0.125,0.5214,True,True,True
ClC1=CC2C3C(=[SH]COc4ccccc41)C2c1ccccc13,326.85,4.76,9.23,1,1,0,2,22,0.542,1.0,0.25,0.521,True,True,False
CC12CNNC3=S4C5[C@@H](CCCC354)C(NC=COC=O)C1=C1C=CC=C(C1)O2,399.52,1.96,71.62,3,6,4,0,28,0.2906,1.0,0.125,0.5203,True,True,True
C=CC=CC=CCNN=CCl,170.64,2.06,24.39,1,2,5,0,11,0.2906,1.0,0.125,0.5203,True,True,True
CC(=O)c1ccccc1CN=N,162.19,2.42,53.28,1,3,3,1,12,0.5382,1.0,0.25,0.5191,True,True,False
N=C[S-]CC1=CC=COO1,157.19,1.04,42.31,1,4,3,0,10,0.2878,1.0,0.125,0.5189,True,True,True
OC=COC=NC1=[N+]2[CH]CC[C@@H]12,166.18,0.81,44.83,1,3,2,0,12,0.2854,1.0,0.125,0.5177,True,True,True
O=C(C=CC=CCl)NC1[NH2+]S1,191.66,-0.08,45.71,2,2,3,0,11,0.2838,1.0,0.125,0.5169,True,True,True
C=C(C)C(OC=N)OCC=CSC=N,214.29,2.38,66.16,2,5,8,0,14,0.282,1.0,0.125,0.516,True,True,True
O=C1C=[S]c2ccccc2C1,163.22,1.71,17.07,0,1,0,1,11,0.532,1.0,0.25,0.516,True,True,False
O=C1OS123=CC=CC(C=C2)c1ccc(Cl)cc1O3,280.73,4.02,38.83,0,3,0,1,18,0.532,1.0,0.25,0.516,True,True,False
C[C@H](C=CCOC=CCC=CC[NH3+])CCS(=O)(=O)[O-],289.4,0.83,94.07,1,4,10,0,19,0.2788,1.0,0.125,0.5144,True,True,True
N#CC=CC=CC#CN=C[CH]Oc1ccccc1C=CCNC(=O)c1ccccc1Cl,428.9,4.99,74.48,1,4,8,2,31,0.2783,1.0,0.125,0.5141,True,True,True
C[NH+]1CC(N2CCc3ccccc3CC3C(=CC=O)c4ccccc4C(=O)NC32)[NH+]=[SH]1,436.58,-1.1,67.82,4,3,2,2,31,0.2747,1.0,0.125,0.5123,True,True,True
O=C1NC(ONCNc2ccccc2F)NC(=O)c2ccccc2C1=O,358.33,0.74,108.56,4,6,5,2,26,0.2718,1.0,0.125,0.5109,True,True,True
CC(O)[S+]1=C(CO)NN[N+]1,164.21,-2.39,78.62,4,4,2,0,10,0.2711,1.0,0.125,0.5106,True,True,True
CC(N)C(O)=CC=CN1COS[N+]N1,217.27,0.17,84.85,3,6,3,0,14,0.2703,1.0,0.125,0.5101,True,True,True
O=C1COC2=C3[C]2CC2[CH]CCC([NH+]2)C2=CSCO[CH]CCCC=NC=CC4=Nc5nc(c(cc54)C=CN1)COCCC23,598.75,4.01,110.0,2,9,0,1,43,0.4673,0.75,0.0987,0.51,True,True,True
CS(=O)(=O)CC(CO)=[NH+][O-],167.19,-2.96,91.4,2,4,3,0,10,0.2668,1.0,0.125,0.5084,True,True,True
O=CCS1=CCCC2CSC(=O)[C@H]21,216.33,1.31,34.14,0,3,2,0,13,0.5154,1.0,0.25,0.5077,True,True,False
O=CN=CC=NN=CC1=C[NH+]1Cl,185.59,-0.84,58.59,1,3,4,0,12,0.2642,1.0,0.125,0.5071,True,True,True
O=S1(=O)C=CC=C=[S+]/C=[N+]/S[CH]O1,235.31,0.03,57.47,0,5,0,0,13,0.2572,1.0,0.125,0.5036,True,True,True
CC(C)(C=O)OCC[NH+][NH3+],147.2,-2.51,69.54,2,3,5,0,10,0.256,1.0,0.125,0.503,True,True,True
O=C1C=[SH]CCOc2ccccc21,194.26,1.53,26.3,1,2,0,1,13,0.5005,1.0,0.25,0.5002,True,True,False
O=C1c2ccccc2CCOC=CC1C1Cc2ccccc2NCCCP1[N-][O-],408.44,5.27,75.49,1,4,2,2,29,0.5427,0.75,0.1473,0.499,True,True,True
CC(C=CC=C([NH3+])OC(=O)C12C=CC=C1C2)NC1=S2C1C(=O)N[C@H]2CCc1ccccc1,450.58,1.9,95.07,3,4,8,1,32,0.244,1.0,0.125,0.497,True,True,True
Cc1cccc(C[C](Cl)C=CC=CN=CCOC=[NH+]C=O)n1,319.79,1.13,65.52,1,4,9,1,22,0.2438,1.0,0.125,0.4969,True,True,True
O=C[C@H]1COC2=N[SH]3C4=C1C=CC=CC4ON1NC=[S-]213,310.38,0.38,63.16,2,7,1,0,20,0.2409,1.0,0.125,0.4954,True,True,True
[NH-]C(Br)C=CC=C[N+](=O)[O-],206.02,2.11,66.94,0,2,3,0,10,0.233,1.0,0.125,0.4915,True,True,True
N#CCCC[CH]C1=S2CCC[C@H]12,180.3,2.5,23.79,0,1,4,0,12,0.4815,1.0,0.25,0.4908,True,True,False
N=CCCCSCCCC(=O)NCN[O-],232.33,1.09,88.04,3,5,10,0,15,0.2276,1.0,0.125,0.4888,True,True,True
CC1(C)CN2[NH2+]OO[S-]234C(=CN=CC13)NCCC=C4[N+](=O)[O-],329.38,-0.43,105.84,2,8,1,0,22,0.2222,1.0,0.125,0.4861,True,True,True
[CH]1C=C2C3=N[NH2+][S@@]23[CH]O[S+]P=[S]1,236.28,0.66,38.2,1,3,0,0,12,0.2205,1.0,0.125,0.4852,True,True,True
CC(O)(C=COCO)O[O-],149.12,-1.53,81.98,2,5,4,0,10,0.2191,1.0,0.125,0.4846,True,True,True
C[C@@H]1[NH2+]C1N1CCOC1C=CCCN=C[NH],224.31,-0.81,65.24,1,3,5,0,16,0.2182,1.0,0.125,0.4841,True,True,True
C=C(Cl)C=CC=CCC=CC(=O)CSN1[CH][P]1,285.74,4.31,20.08,0,3,8,0,17,0.2178,1.0,0.125,0.4839,True,True,True
O=CC1C=C2C3=S2C=CC=COC31,192.24,1.58,26.3,0,2,1,0,13,0.4655,1.0,0.25,0.4828,True,True,False
CC1=C2[SH]3[C@@H](C(=O)[O-])N(C=NNS)C23C[C@H](C)O1,288.37,-0.49,76.99,3,6,3,0,18,0.2147,1.0,0.125,0.4824,True,True,True
O=CNC=CCCCCNC(=O)C[N+]=C[O-],226.26,-1.74,95.36,2,4,9,0,16,0.2113,1.0,0.125,0.4807,True,True,True
N=CC#CC=CNCC[NH2+][O-],153.18,-1.2,75.55,3,3,4,0,11,0.2053,1.0,0.125,0.4777,True,True,True
N#CCNCCC=NC(=CC=O)CCC=N,220.28,1.07,89.1,2,5,9,0,16,0.2001,1.0,0.125,0.475,True,True,True
CCCC=[SH](=CCO)c1c2ccc[n+]1-2,210.32,1.03,24.11,2,1,4,0,14,0.4396,1.0,0.25,0.4698,True,True,False
CC(C=COCC=CC=CO[O-])NCCO,228.27,-0.15,73.78,2,5,9,0,16,0.1887,1.0,0.125,0.4694,True,True,True
CC(=O)C(=CC=CC=CN1C=CC=CC=C2O[NH+]21)CC=COO,315.35,1.94,66.74,2,5,7,0,23,0.1876,1.0,0.125,0.4688,True,True,True
O=[N+]([O-])C1C=C(F)C(C=C[SH]2[C@H]3NNS[NH+]32)=C1O,293.33,-0.41,91.87,5,6,3,0,18,0.1598,1.0,0.125,0.4549,True,True,True
CC(C)(CF)SC=CCCCC1=C2CC=C[CH]C21,265.42,5.24,0.0,0,1,7,0,18,0.4477,0.75,0.1452,0.4536,True,True,True
N#CC=COC1[SH]=CC=CN2Oc3ccccc3N2C1=O,301.33,1.72,65.8,1,5,2,1,21,0.3898,1.0,0.25,0.4449,True,True,False
O=C[CH]CC(N=CC[N+][NH2+]I)c1ccccc1Cl,378.62,1.68,60.14,1,2,8,1,18,0.1398,1.0,0.125,0.4449,True,True,True
N#CNC(=C=N)CCCNC(=O)CCC=CN1CC2Nc3ccccc3N2c2ccccc2CC1F,487.58,4.12,107.28,4,7,9,2,36,0.1394,1.0,0.125,0.4447,True,True,True
Cc1cc(N=CC=CC2CCC2=CC=CCNBr)c(CC=C2C=CC=CO2)nn1,453.38,5.36,59.4,1,5,8,1,29,0.4253,0.75,0.1552,0.4325,True,True,True
CN1CCCCC(CO[CH]NC(=O)NC=CC2=C(F)C=C2F)CCC1C=CC(F)(F)F,448.46,5.02,53.6,2,3,7,0,31,0.3266,0.75,0.1271,0.4112,True,True,True
[S]O[N+][NH+]=[SH]1=CC=CC=C1,175.26,-0.95,37.3,2,1,2,0,10,0.3168,1.0,0.25,0.4084,True,True,False
O=CC1=S23=CC=C[SH]2SC13,190.31,1.41,17.07,1,2,1,0,10,0.2913,1.0,0.25,0.3957,True,True,False
CC1COC2=CC(F)(F)CCCC(C[NH+]OCCOC3=CC=C(Cl)C(F)=CS34CC3C2CCC34)C(=O)C1,562.09,5.23,60.36,1,5,0,0,37,0.4399,0.5,0.0813,0.3886,True,False,True
[NH]C=CC=CC1[NH2+]CCCN1NCc1ccccc1C1=C2CCCCOC3=CCOC4=CC5=CNN=PS54321,550.67,4.53,98.53,3,6,6,1,38,0.3573,0.75,0.1757,0.378,True,True,True
O=C1C2=CCCC[CH][NH+]3CCCC3C3=CCC4=NC(F)=C(NC=CC=c5ccccc5=[NH+]3)C1C4OO[NH2+]2,505.59,-1.58,94.94,4,5,0,1,37,0.2531,0.75,0.1306,0.3709,True,True,True
O=C1OCc2ccccc2NCC=CC=S2C=C1[SH]2(=O)Br,388.31,2.88,55.4,2,4,0,1,21,0.236,1.0,0.25,0.368,True,True,False
Cc1ccc(CNC(=O)C2=COC3=CN=S=C4c5ccccc5CC5=CC2N2C=C3C=CC4O[S]52)c([NH])c1,540.67,4.84,86.96,1,5,3,2,38,0.5646,0.75,0.2907,0.3666,True,True,False
OCCCOCOC=[C]CC=[SH]Br,270.17,1.64,38.69,2,3,8,0,13,0.2315,1.0,0.25,0.3658,True,True,False
O=C(C=CSC=CC=CCBr)N[SH]=CCOc1ccccc1F,418.35,4.22,38.33,2,3,9,1,23,0.2075,1.0,0.25,0.3538,True,True,False
CCOC1=C2OCCOC3=[SH]C4OCC(c5ccccc5C(=O)C=CC=CC=O)=S3124,446.55,3.15,71.06,1,6,7,1,30,0.1733,1.0,0.25,0.3367,True,True,False
CC=C1CC12C=C(C(C=CO[O-])[SH]=CC=N)NC(=O)N2,294.36,0.36,97.27,4,4,5,0,20,0.1121,1.0,0.25,0.3061,True,True,False
[CH]1[N+][SH]=CC=[S+][CH]N[S-][N-][NH2+]1,208.34,-1.74,56.84,3,2,0,0,11,0.1106,1.0,0.25,0.3053,True,True,False
CC12COC3=C[N+](=O)C4=CC(O)=CC4=CNN=[SH]4(C(=Cc5ccccc54)[CH]N3C=CCO[O-])C(F)C=C1C2,537.59,3.72,109.46,3,8,3,1,38,0.1773,0.75,0.1626,0.3011,True,True,True
C#CCCN=NC(=O)N1CCCCC=Cc2cccc(C(F)(F)F)c2CC=N1,390.41,5.33,57.39,0,3,2,1,28,0.3826,0.75,0.2774,0.2889,True,True,False
CC(C=CC=C[SH]12=C(CNCCCCF)C3=NC=C1[SH]32)OO,346.49,3.14,53.85,4,4,10,0,22,0.0718,1.0,0.25,0.2859,True,True,False
C=CC=CN=COC1N=CN=C2CCc3cc(O)ccc3CC3NC(C=N1)COC1=CC(=CC1=CCOC3=C1OC1(C)C)C2,595.7,5.0,121.92,2,10,4,1,44,0.2188,0.75,0.2207,0.2637,True,True,True
[CH]C1=CC2=CC(=O)NNC3OC[C@H](C=CCSC[NH+](C(=O)c4ccccc4C=CCC(=O)NC)C2C1)C(=O)C3=O,563.66,0.19,135.11,4,8,4,1,40,0.3014,0.75,0.3137,0.212,True,True,False
CCC1=CC[CH]CCCNC(=O)C2=CN(c3ccccn3)CC1NC1=CNC=CC(C)=CC2=CC2=CC[C@@H]3C(=O)OCS213,598.79,5.35,95.59,3,7,2,1,43,0.3122,0.5,0.2528,0.1533,True,False,True
C=COCC=NC1=CC=CCC([NH+]=O)C2=CC(C)C3C=CC=CN(CC=CCCC(C)O2)C(=C1)OC=CC=CCO3,560.72,5.25,83.56,1,7,5,0,41,0.2141,0.5,0.2066,0.1504,True,False,True
O=c1c2nc3cc-2ccc3cc2[nH]n1-c1cc(c(Br)cc1F)N[C@H]1C3=CC=C[N+](C2)N[CH]SP31,554.37,5.29,80.64,3,6,0,3,34,0.2035,0.5,0.2036,0.1482,True,False,True
CC1=CCC2C(=CNCC=Cc3c(F)ccc1c3[C@H](O)ONC(=O)c1ccc(F)cc1CCC=CCCN)C(F)C[C@@H]2O,597.68,5.17,116.84,5,6,9,2,43,0.1548,0.5,0.2366,0.0908,True,False,True
